Value,en,bs,sr,hr,Disaggregation combinations using this value,Number of indicators
AG_FPA_CFPI,Consumer Food Price Index,Indeks potrošačkih cijena hrane,AG_FPA_CFPI,Indeks potrošačkih cijena hrane,1,1
AG_LND_DGRD,Proportion of land that is degraded over total land area,Udio zemljišta koje je degradirano na ukupnoj površini zemljišta,AG_LND_DGRD,Udio zemljišta koje je degradirano na ukupnoj površini zemljišta,1,1
AG_LND_FRST,Forest area as a proportion of total land area,Udio šumske površine u ukupnoj površini zemljišta,AG_LND_FRST,Udio šumske površine u ukupnoj površini zemljišta,1,1
AG_LND_FRSTBIOPHA,Above-ground biomass in forest per hectare (tonnes per hectare),Nadzemna biomasa u šumi po hektaru (tone po hektaru),AG_LND_FRSTBIOPHA,Nadzemna biomasa u šumi po hektaru (tone po hektaru),1,1
AG_LND_FRSTCERT,Forest area certified under an independently verified certification scheme (hectares),Površina šume certificirana prema nezavisno potvrđenoj certifikacijskoj šemi (hektari),AG_LND_FRSTCERT,Površina šume certificirana prema neovisno potvrđenoj certifikacijskoj shemi (hektari),1,1
AG_LND_FRSTCHG,Forest area net change rate (%),Neto promjene šumske površine (%),AG_LND_FRSTCHG,Neto promjene šumske površine (%),1,1
AG_LND_FRSTN,Forest area (hectares),Šumska površina (hektari),AG_LND_FRSTN,Šumska površina (hektari),1,1
AG_LND_TOTL,Land area (hectares),Površina zemljišta (hektari),AG_LND_TOTL,Površina zemljišta (hektari),1,1
AG_PRD_AGVAS,Agriculture value added share of GDP,Udio dodane vrijednosti poljoprivrede u BDP-u,AG_PRD_AGVAS,Udio dodane vrijednosti poljoprivrede u BDP-u,1,1
AG_PRD_FIESMS,Prevalence of moderate or severe food insecurity in the population,Rasprostranjenost umjerene ili ozbiljne nesigurnosti hrane kod odrasle populacije,AG_PRD_FIESMS,Rasprostranjenost umjerene ili ozbiljne nesigurnosti hrane kod odrasle populacije,3,1
AG_PRD_FIESMSN,Population in moderate or severe food insecurity (number),Ukupna populacija u umjerenoj ili ozbiljnoj nesigurnosti hrane (broj),AG_PRD_FIESMSN,Ukupna populacija u umjerenoj ili ozbiljnoj nesigurnosti hrane (broj),3,1
AG_PRD_FIESS,Prevalence of severe food insecurity in the population,Rasprostranjenost ozbiljne nesigurnosti hranom kod populacije,AG_PRD_FIESS,Rasprostranjenost ozbiljne nesigurnosti hranom kod populacije,3,1
AG_PRD_FIESSN,Population in severe food insecurity (number),Ukupna populacija u ozbiljnoj nesigurnosti hrane (broj),AG_PRD_FIESSN,Ukupna populacija u ozbiljnoj nesigurnosti hrane (broj),3,1
BX_TRF_PWKR,Volume of remittances (in United States dollars) as a proportion of total GDP,Količina doznaka (u američkim dolarima) kao udio u ukupnom iznosu BDP-a,BX_TRF_PWKR,Količina doznaka (u američkim dolarima) kao udio u ukupnom iznosu BDP-a,1,1
DC_FTA_TOTAL,Total official development assistance (gross disbursement) for technical cooperation,Ukupna zvanična razvojna pomoć (bruto isplata) za tehničku saradnju,DC_FTA_TOTAL,Ukupna zvanična razvojna pomoć (bruto isplata) za tehničku suradnju,1,1
DC_ODA_BDVL,"Total official development assistance for biodiversity, by recipient countries","Ukupna zvanična razvojna pomoć za biodiverzitet, po zemljama primaocima",DC_ODA_BDVL,"Ukupna zvanična razvojna pomoć za biodiverzitet, po zemljama primateljima",2,2
DC_ODA_POVLG,"Official development assistance grants for poverty reduction, by recipient countries (percentage of GNI)",Zvanični grantovi za razvojnu pomoć za smanjenje siromaštva po zemljama primaocima (procenat BND-a),DC_ODA_POVLG,Zvanični grantovi za razvojnu pomoć za smanjenje siromaštva po zemljama primateljima (postotak BND-a),1,1
DC_TOF_AGRL,"Total official flows (disbursements) for agriculture, by recipient countries","Ukupni zvanični tokovi (isplate) za poljoprivredu, prema zemljama primaocima",DC_TOF_AGRL,"Ukupni zvanični tokovi (isplate) za poljoprivredu, prema zemljama primateljima",1,1
DC_TOF_HLTHL,"Total official development assistance to medical research and basic heath sectors, gross disbursement, by recipient countries (millions of constant 2019 United States dollars)","Ukupna zvanična razvojna pomoć medicinskim istraživanjima i osnovnim zdravstvenim sektorima, bruto isplata, prema zemljama primaocima (milioni američkih dolara konstanta 2019)",DC_TOF_HLTHL,"Ukupna zvanična razvojna pomoć medicinskim istraživanjima i osnovnim zdravstvenim sektorima, bruto isplata, prema zemljama primaocima (milioni američkih dolara konstanta 2019.)",1,1
DC_TOF_HLTHNT,"Total official development assistance to medical research and basic heath sectors, net disbursement, by recipient countries (millions of constant 2019 United States dollars)","Ukupna službena razvojna pomoć medicinskim istraživanjima i osnovnim zdravstvenim sektorima, neto isplata, po zemljama primaocima (milioni američkih dolara konstanta 2019.)",DC_TOF_HLTHNT,"Ukupna službena razvojna pomoć medicinskim istraživanjima i osnovnim zdravstvenim sektorima, neto isplata, po zemljama primaocima (milioni američkih dolara konstanta 2019.)",1,1
DC_TOF_INFRAL,"Total official flows for infrastructure, by recipient countries","Ukupni zvanični tokovi za infrastrukturu, prema zemljama primaocima",DC_TOF_INFRAL,"Ukupni zvanični tokovi za infrastrukturu, prema zemljama primateljima",1,1
DC_TOF_SCHIPSL,"Total official flows for scholarships, by recipient countries","Ukupni zvanični tokovi stipendija, prema zemljama primaocima",DC_TOF_SCHIPSL,"Ukupni zvanični tokovi stipendija, prema zemljama primateljima",1,1
DC_TOF_TRDCML,"Total official flows (commitments) for Aid for Trade, by recipient countries","Ukupni zvanični tokovi (obaveze) za pomoć trgovini, prema zemljama primaocima",DC_TOF_TRDCML,"Ukupni zvanični tokovi (obveze) za pomoć trgovini, prema zemljama primateljima",1,1
DC_TOF_TRDDBML,"Total official flows (disbursement) for Aid for Trade, by recipient countries","Ukupni zvanični tokovi (isplate) za pomoć trgovini, prema zemljama primaocima",DC_TOF_TRDDBML,"Ukupni zvanični tokovi (isplate) za pomoć trgovini, prema zemljama primateljima",1,1
DC_TOF_WASHL,"Total official development assistance (gross disbursement) for water supply and sanitation, by recipient countries","Ukupna zvanična razvojna pomoć (bruto izdaci) za vodosnabdijevanje i kanalizaciju, prema zemljama primaocima",DC_TOF_WASHL,"Ukupna zvanična razvojna pomoć (bruto izdaci) za vodoopskrbu i kanalizaciju, prema zemljama primateljima",1,1
DC_TRF_TOTL,"Total assistance for development, by recipient countries","Ukupna razvojna pomoć, prema zemljama primaocima",DC_TRF_TOTL,"Ukupna razvojna pomoć, prema zemljama primateljima",1,1
DT_TDS_DECT,Debt service as a proportion of exports of goods and services,Servisiranja duga kao udio izvoza roba i usluga,DT_TDS_DECT,Servisiranja duga kao udio izvoza roba i usluga,1,1
EG_ACS_ELEC,Proportion of population with access to electricity,Udio stanovništva sa pristupom električnoj energiji,EG_ACS_ELEC,Udio stanovništva sa pristupom električnoj energiji,3,1
EG_EGY_CLEAN,Proportion of population with primary reliance on clean fuels and technology,Udio stanovništva koji se prvenstveno oslanja na čista goriva i tehnologiju,EG_EGY_CLEAN,Udio stanovništva koji se prvenstveno oslanja na čista goriva i tehnologiju,1,1
EG_EGY_PRIM,Energy intensity level of primary energy,Energetski intenzitet primarne energije,EG_EGY_PRIM,Energetski intenzitet primarne energije,1,1
EG_FEC_RNEW,Renewable energy share in the total final energy consumption,Udio obnovljive energije u ukupnoj finalnoj potrošnji energije,EG_FEC_RNEW,Udio obnovljive energije u ukupnoj finalnoj potrošnji energije,1,1
EG_TBA_H2CO,Proportion of transboundary basins (river and lake basins and aquifers) with an operational arrangement for water cooperation,Udio prekograničnih slivova (riječni i jezerski bazeni i vodonosnici) sa operativnim aranžmanom za vodnu saradnju,EG_TBA_H2CO,Udio prekograničnih slivova (riječni i jezerski bazeni i vodonosnici) sa operativnim aranžmanom za vodnu suradnju,1,1
EG_TBA_H2COAQ,Proportion of transboundary aquifers with an operational arrangement for water cooperation,Udio prekograničnih vodonosnika s operativnim aranžmanom za vodnu saradnju,EG_TBA_H2COAQ,Udio prekograničnih vodonosnika s operativnim aranžmanom za vodnu suradnju,1,1
EG_TBA_H2CORL,Proportion of transboundary river and lake basins with an operational arrangement for water cooperation,Udio prekograničnih slivova rijeka i jezera s operativnim aranžmanom za vodnu saradnju,EG_TBA_H2CORL,Udio prekograničnih slivova rijeka i jezera s operativnim aranžmanom za vodnu suradnju,1,1
EN_ATM_CO2,Carbon dioxide emissions from fuel combustion,Emisije ugljen-dioksida izgaranjem goriva,EN_ATM_CO2,Emisije ugljen-dioksida izgaranjem goriva,1,1
EN_ATM_CO2GDP,Carbon dioxide emissions per unit of GDP,Emisije ugljen-dioksida po jedinici BDP-a,EN_ATM_CO2GDP,Emisije ugljen-dioksida po jedinici BDP-a,1,1
EN_ATM_CO2MVA,Carbon dioxide emissions per unit of manufacturing value added,Emisije ugljen-dioksida po jedinici proizvoda dodane vrijednosti,EN_ATM_CO2MVA,Emisije ugljen-dioksida po jedinici proizvoda dodane vrijednosti,1,1
EN_ATM_PM25,"Annual mean levels of fine particulate matter in cities, urban population","Srednji godišnji nivo finih čestica u gradovima, urbano stanovništvo",EN_ATM_PM25,"Srednja godišnja razina finih čestica u gradovima, urbano stanovništvo",2,1
EN_EWT_GENPCAP,"Electronic waste generated, per capita (Kg)","Proizvedeni elektronski otpad, po stanovniku (Kg)",EN_EWT_GENPCAP,"Proizvedeni elektronički otpad, po stanovniku (Kg)",1,1
EN_EWT_GENV,Electronic waste generated (Tonnes),Proizvedeni elektronski otpad (tone),EN_EWT_GENV,Proizvedeni elektronički otpad (tone),1,1
EN_EWT_RCYPCAP,"Electronic waste recycling, per capita (Kg)","Reciklaža elektronskog otpada, po stanovniku (Kg)",EN_EWT_RCYPCAP,"Reciklaža elektroničkog otpada, po stanovniku (Kg)",2,2
EN_EWT_RCYR,"Electronic waste recycling, rate (%)","Reciklaža elektronskog otpada, stopa (%)",EN_EWT_RCYR,"Reciklaža elektroničkog otpada, stopa (%)",2,2
EN_EWT_RCYV,Electronic waste recycling (Tonnes),Reciklaža elektronskog otpada (tone),EN_EWT_RCYV,Reciklaža elektroničkog otpada (tone),2,2
EN_H2O_GRAMBQ,Proportion of groundwater bodies with good ambient water quality,Udio tijela podzemnih voda sa dobrim kvalitetom ambijentalne vode,EN_H2O_GRAMBQ,Udio tijela podzemnih voda sa dobrim kvalitetom ambijentalne vode,1,1
EN_H2O_OPAMBQ,Proportion of open water bodies with good ambient water quality,Udio otvorenih vodnih tijela sa dobrim kvalitetom ambijentalne vode,EN_H2O_OPAMBQ,Udio otvorenih vodnih tijela sa dobrim kvalitetom ambijentalne vode,1,1
EN_H2O_RVAMBQ,Proportion of river water bodies with good ambient water quality,Udio riječnih vodnih tijela sa dobrim kvalitetom ambijentalne vode,EN_H2O_RVAMBQ,Udio riječnih vodnih tijela sa dobrim kvalitetom ambijentalne vode,1,1
EN_H2O_WBAMBQ,Proportion of bodies of water with good ambient water quality,Udio vodnih tijela sa dobrim kvalitetom ambijentalne vode,EN_H2O_WBAMBQ,Udio vodnih tijela sa dobrim kvalitetom ambijentalne vode,1,1
EN_HAZ_GENGDP,"Hazardous waste generated, per unit of GDP","Proizvedeni opasni otpad, po jedinici BDP-a",EN_HAZ_GENGDP,"Proizvedeni opasni otpad, po jedinici BDP-a",1,1
EN_HAZ_GENV,Hazardous waste generated (Tonnes),Proizvedeni opasni otpad (tone),EN_HAZ_GENV,Proizvedeni opasni otpad (tone),1,1
EN_HAZ_PCAP,"Hazardous waste generated, per capita (Kg)","Proizvedeni opasni otpad, po stanovniku (Kg)",EN_HAZ_PCAP,"Proizvedeni opasni otpad, po stanovniku (Kg)",1,1
EN_LKRV_PWAC,Lakes and rivers permanent water area change (%),"Jezera i rijeke, trajne vodne promjene površine (%)",EN_LKRV_PWAC,"Jezera i rijeke, trajne vodne promjene površine (%)",1,1
EN_LKRV_PWAN,Lakes and rivers permanent water area (square kilometres),"Jezera i rijeke, trajno vodno područje (kvadratnih kilometara)",EN_LKRV_PWAN,"Jezera i rijeke, trajno vodno područje (kvadratnih kilometara)",1,1
EN_LKRV_PWAP,Lakes and rivers permanent water area (% of total land area),"Jezera i rijeke, trajno vodno područje (% ukupne površine kopna)",EN_LKRV_PWAP,"Jezera i rijeke, trajno vodno područje (% ukupne površine kopna)",1,1
EN_LKRV_SWAC,Lakes and rivers seasonal water area change (%),Jezera i rijeke sezonska promjena vodnog područja (%),EN_LKRV_SWAC,Jezera i rijeke sezonska promjena vodnog područja (%),1,1
EN_LKRV_SWAN,Lakes and rivers seasonal water area (square kilometres),Jezera i rijeke sezonsko vodno područje (kvadratni kilometri),EN_LKRV_SWAN,Jezera i rijeke sezonsko vodno područje (kvadratni kilometri),1,1
EN_LKRV_SWAP,Lakes and rivers seasonal water area (% of total land area),Jezera i rijeke sezonska vodena površina (% ukupne površine kopna),EN_LKRV_SWAP,Jezera i rijeke sezonska vodena površina (% ukupne površine kopna),1,1
EN_LKW_QLTRB,Lake water quality turbidity (%),Vode jezera zamućenost kvalitete (%),EN_LKW_QLTRB,Vode jezera zamućenost kvalitete (%),4,1
EN_LKW_QLTRST,Lake water quality trophic state (%),Vode jezera kvalitetno trofičko stanje (%),EN_LKW_QLTRST,Vode jezera kvalitetno trofičko stanje (%),4,1
EN_LND_SLUM,Proportion of urban population living in slums,Udio gradskog stanovništva koje živi u siromašnim četvrtima,EN_LND_SLUM,Udio gradskog stanovništva koje živi u siromašnim četvrtima,1,1
EN_MAT_DOMCMPC,"Domestic material consumption per capita, by type of raw material","Potrošnja domaćih materijala po stanovniku, prema vrsti sirovine",EN_MAT_DOMCMPC,"Potrošnja domaćih materijala po stanovniku, prema vrsti sirovine",34,2
EN_MAT_DOMCMPG,Domestic material consumption per unit of GDP,"Potrošnja domaćih materijala, po jedinici BDP-a",EN_MAT_DOMCMPG,"Potrošnja domaćih materijala, po jedinici BDP-a",34,2
EN_MAT_DOMCMPT,Domestic material consumption,Potrošnja domaćih materijala,EN_MAT_DOMCMPT,Potrošnja domaćih materijala,34,2
EN_REF_WASCOL,"Municipal Solid Waste collection coverage, by cities (%)","Pokrivenost prikupljenog komunalnog čvrstog otpada, po gradovima (%)",EN_REF_WASCOL,"Pokrivenost prikupljenog komunalnog čvrstog otpada, po gradovima (%)",1,1
EN_RSRV_MNWAN,Reservoir minimum water area (square kilometres),Minimalna vodena površina rezervoara (kvadratni kilometri),EN_RSRV_MNWAN,Minimalna vodena površina rezervoara (kvadratni kilometri),1,1
EN_RSRV_MNWAP,Reservoir minimum water area (% of total land area),Minimalna površina akumulacije (% ukupne površine kopna),EN_RSRV_MNWAP,Minimalna površina akumulacije (% ukupne površine kopna),1,1
EN_RSRV_MXWAN,Reservoir maximum water area (square kilometres),Maksimalna površina akumulacije (kvadratni kilometri),EN_RSRV_MXWAN,Maksimalna površina akumulacije (kvadratni kilometri),1,1
EN_RSRV_MXWAP,Reservoir maximum water area (% of total land area),Maksimalna površina akumulacije (% ukupne površine kopna),EN_RSRV_MXWAP,Maksimalna površina akumulacije (% ukupne površine kopna),1,1
EN_SCP_FSHGDP,Sustainable fisheries as a proportion of GDP,Održivi ribolov kao udio u BDP-u,EN_SCP_FSHGDP,Održivi ribolov kao udio u BDP-u,1,1
EN_WBE_WTLN,EN_WBE_WTLN,EN_WBE_WTLN,EN_WBE_WTLN,EN_WBE_WTLN,1,1
EN_WBE_WTLP,Wetlands area (% of total land area),Močvarno područje (% od ukupne površine kopna),EN_WBE_WTLP,Močvarno područje (% od ukupne površine kopna),1,1
EN_WWT_GEN,Total wastewater generated (million m3/year),Ukupna generisana otpadna voda (milion m3/godišnje),EN_WWT_GEN,Ukupna generisana otpadna voda (milion m3/godišnje),7,1
EN_WWT_TREAT,Total wastewater treated (million m3/year),Ukupna prečišćena otpadna voda (milion m3/godišnje),EN_WWT_TREAT,Ukupna prečišćena otpadna voda (milion m3/godišnje),2,1
EN_WWT_TREATR,"Proportion of wastewater treated, by activity and location (%)",Udio pročišćenih otpadnih voda prema djelatnosti i lokaciji (%),EN_WWT_TREATR,Udio pročišćenih otpadnih voda prema djelatnosti i lokaciji (%),2,1
EN_WWT_WWDS,Proportion of safely treated domestic wastewater flows,Udio sigurno prečišćenih protoka otpadnih voda iz domaćinstva,EN_WWT_WWDS,Udio sigurno prečišćenih protoka otpadnih voda iz kućanstva,1,1
ER_BDY_ABT2NP,Countries that established national targets in accordance with Aichi Biodiversity Target 2 of the Strategic Plan for Biodiversity 2011-2020 in their National Biodiversity Strategy and Action Plans (1 = YES; 0 = NO),Zemlje koje su uspostavile nacionalne ciljeve u skladu sa Aichi biodiverzitetom cilj 2 Strateškog plana za biodiverzitet 2011-2020. u svoje nacionalne strategije i planove za biodiverzitet (1 = DA; 0 = NE),ER_BDY_ABT2NP,Zemlje koje su uspostavile nacionalne ciljeve sukladno Aichi biodiverzitetom cilj 2 Strateškog plana za biodiverzitet 2011-2020. u svoje nacionalne strategije i planove za biodiverzitet (1 = DA; 0 = NE),1,1
ER_BDY_SEEA,"Countries with integrated biodiversity values into national accounting and reporting systems, defined as implementation of the System of Environmental-Economic Accounting  (1 = YES; 0 = NO)","Zemlje s integrisanim vrijednostima biodiverziteta u nacionalnim sistemima računovodstva i izvještavanja, definisane kao implementacija Sistema ekološko-ekonomskog računovodstva (1 = DA; 0 = NE)",ER_BDY_SEEA,"Zemlje s integriranim vrijednostima biodiverziteta u nacionalnim sustavima računovodstva i izvješćivanja, definirane kao implementacija Sustava ekološko-ekonomskog računovodstva (1 = DA; 0 = NE)",1,1
ER_CBD_ABSCLRHS,"Countries that have legislative, administrative and policy framework or measures reported to the Access and Benefit-Sharing Clearing-House (1 = YES; 0 = NO)","Zemlje koje imaju zakonodavne, administrativne i političke okvire za osiguranje pravedne raspodjele koristi (1 = DA; 0 = NE)",ER_CBD_ABSCLRHS,"Zemlje koje imaju zakonodavne, administrativne i političke okvire za osiguranje pravedne raspodjele koristi (1 = DA; 0 = NE)",1,1
ER_CBD_NAGOYA,Countries that are parties to the Nagoya Protocol (1 = YES; 0 = NO),Zemlje potpisnice Nagojskog protokola (1 = DA; 0 = NE),ER_CBD_NAGOYA,Zemlje potpisnice Nagojskog protokola (1 = DA; 0 = NE),1,1
ER_CBD_ORSPGRFA,"Countries that have legislative, administrative and policy framework or measures reported through the Online Reporting System on Compliance  of the International Treaty on Plant Genetic Resources for Food and Agriculture (PGRFA) (1 = YES; 0 = NO)","Zemlje koje imaju zakonodavni, administrativni i politički okvir ili mjere prijavljene putem internetskog sistema izvještavanja o usklađenosti s Međunarodnim ugovorom o biljnim genetičkim resursima za hranu i poljoprivredu (PGRFA) (1 = DA; 0 = NE)",ER_CBD_ORSPGRFA,"Zemlje koje imaju zakonodavni, administrativni i politički okvir ili mjere prijavljene putem internetskog sustava izvješćivanja o usklađenosti s Međunarodnim ugovorom o biljnim genetičkim resursima za hranu i poljoprivredu (PGRFA) (1 = DA; 0 = NE)",1,1
ER_CBD_PTYPGRFA,Countries that are contracting Parties to the International Treaty on Plant Genetic Resources for Food and Agriculture (PGRFA) (1 = YES; 0 = NO),Zemlje koje su ugovorne strane Međunarodnog ugovora o biljnim genetičkim resursima za hranu i poljoprivredu (PGRFA) (1 = DA; 0 = NE),ER_CBD_PTYPGRFA,Zemlje koje su ugovorne strane Međunarodnog ugovora o biljnim genetičkim resursima za hranu i poljoprivredu (PGRFA) (1 = DA; 0 = NE),1,1
ER_CBD_SMTA,Total reported number of Standard Material Transfer Agreements (SMTAs) transferring plant genetic resources for food and agriculture to the country,Ukupan prijavljeni broj Standardnih sporazuma o prijenosu materijala (SMTA) koji prenose biljne genetičke resurse za hranu i poljoprivredu u zemlju,ER_CBD_SMTA,Ukupan prijavljeni broj Standardnih sporazuma o prijenosu materijala (SMTA) koji prenose biljne genetičke resurse za hranu i poljoprivredu u zemlju,1,1
ER_GRF_PLNTSTOR,Plant genetic resources accessions stored ex situ (number),Pristup uskladištenim biljnim genetičkim resursima (broj),ER_GRF_PLNTSTOR,Pristup uskladištenim biljnim genetičkim resursima (broj),1,1
ER_H2O_IWRMD,Degree of integrated water resources management implementation,Stepen primjene integrisanog upravljanja vodnim resursima,ER_H2O_IWRMD,Stupanj primjene integriranog upravljanja vodnim resursima,1,1
ER_H2O_PRDU,"Countries with procedures in law or policy for participation by service users/communities in planning program in rural drinking-water supply, by level of definition in procedures (10 = Clearly defined; 5 = Not clearly defined ; 0 = NA)","Zemlje sa zakonskim procedurama ili politikama za učešće korisnika usluga/zajednica u programu planiranja i upravljanja vodnim resursima, prema nivou definicije u postupcima (10 = Jasno definisano; 5 = Nije jasno definisano; 0 = NA)",ER_H2O_PRDU,"Zemlje sa zakonskim procedurama ili politikama za učešće korisnika usluga/zajednica u programu planiranja i upravljanja vodnim resursima, prema razini definicije u postupcima (10 = Jasno definirano; 5 = Nije jasno definirano; 0 = NA)",1,1
ER_H2O_RURP,"Countries with users/communities participating in planning programs in rural drinking-water supply, by level of participation (3 = High; 2 = Moderate; 1 = Low; 0 = NA)","Zemlje sa korisnicima/zajednicama koje učestvuju u programima planiranja u ruralnom snabdijevanju pitkom vodom, prema nivou učešća (3 = visoko; 2 = umjereno; 1 = nisko; 0 = NA)",ER_H2O_RURP,"Zemlje sa korisnicima/zajednicama koje sudjeluju u programima planiranja u ruralnoj opskrbi pitkom vodom, prema razini učešća (3 = visoko; 2 = umjereno; 1 = nisko; 0 = NA)",1,1
ER_H2O_STRESS,Level of water stress: freshwater withdrawal as a proportion of available freshwater resources, Nivo vodenog stresa: povlačenje slatke vode kao udio raspoloživih slatkovodnih resursa,ER_H2O_STRESS, Razina vodenog stresa: povlačenje slatke vode kao udio raspoloživih slatkovodnih resursa,1,1
ER_IAS_LEGIS,"Legislation, Regulation, Act related to the prevention of introduction and management of Invasive Alien Species (1 = YES, 0 = NO)","Zakoni, propisi, akti koji se odnose na sprečavanje uvođenja i upravljanja invazivnim stranim vrstama (1 = DA, 0 = NE)",ER_IAS_LEGIS,"Zakoni, propisi, akti koji se odnose na spriječavanje uvođenja i upravljanja invazivnim stranim vrstama (1 = DA, 0 = NE)",1,1
ER_IAS_NBSAP,"National Biodiversity Strategy and Action Plan (NBSAP) targets alignment to Aichi Biodiversity target 9 set out in the Strategic Plan for Biodiversity 2011-2020 (1 = YES, 0 = NO)","Nacionalna strategija i akcioni plan za biodiverzitet (NBSAP) ima za cilj usklađivanje sa Aichi biodiverzitetom, cilj 9 utvrđen u Strateškom planu za biološku raznolikost 2011-2020 (1 = DA, 0 = NE)",ER_IAS_NBSAP,"Nacionalna strategija i akcioni plan za biodiverzitet (NBSAP) ima za cilj usklađivanje sa Aichi biodiverzitetom, cilj 9 utvrđen u Strateškom planu za biološku raznolikost 2011-2020 (1 = DA, 0 = NE)",1,1
ER_MTN_GRNCOV,Mountain green cover area (square kilometres),Indeks planinskog zelenog pokrivača (kvadratnih kilometara),ER_MTN_GRNCOV,Indeks planinskog zelenog pokrivača (kvadratnih kilometara),1,1
ER_MTN_GRNCVI,Mountain Green Cover Index,Indeks planinskog zelenog pokrivača,ER_MTN_GRNCVI,Indeks planinskog zelenog pokrivača,1,1
ER_MTN_TOTL,Mountain area (square kilometres),Planinsko područje (kvadratni kilometri),ER_MTN_TOTL,Planinsko područje (kvadratni kilometri),1,1
ER_PTD_FRHWTR,Average proportion of Freshwater Key Biodiversity Areas (KBAs) covered by protected areas,Prosječan udio pokrivenih ključnih područja slatkovodne biološke raznolikosti prema zaštićenim područjima,ER_PTD_FRHWTR,Prosječan udio pokrivenih ključnih područja slatkovodne biološke raznolikosti prema zaštićenim područjima,1,1
ER_PTD_MTN,Average proportion of Mountain Key Biodiversity Areas (KBAs) covered by protected areas,Prosječan udio pokrivenih ključnih područja slatkovodne biološke raznolikosti prema zaštićenim područjima,ER_PTD_MTN,Prosječan udio pokrivenih ključnih područja slatkovodne biološke raznolikosti prema zaštićenim područjima,1,1
ER_PTD_TERR,Average proportion of Terrestrial Key Biodiversity Areas (KBAs) covered by protected areas,Prosječan udio pokrivenih ključnih područja slatkovodne biološke raznolikosti prema zaštićenim područjima,ER_PTD_TERR,Prosječan udio pokrivenih ključnih područja slatkovodne biološke raznolikosti prema zaštićenim područjima,1,1
ER_RSK_LBREDS,Proportion of local breeds classified as being at risk as a share of local breeds with known level of extinction risk (%),Udio lokalnih sorti klasificiranih kao u opasnosti od izumiranja,ER_RSK_LBREDS,Udio lokalnih sorti klasificiranih kao u opasnosti od izumiranja,1,1
ER_RSK_LST,Red List Index,Indeks crvene liste,ER_RSK_LST,Indeks crvene liste,1,1
ER_WAT_PART,"Countries with users/communities participating in planning programs in water resources planning and management, by level of participation (3 = High; 2 = Moderate; 1 = Low; 0 = NA)","Zemlje sa korisnicima/zajednicama koje učestvuju u programima planiranja i upravljanja vodnim resursima, prema nivou učešća (3 = visoko; 2 = umjereno; 1 = nisko; 0 = NA)",ER_WAT_PART,"Zemlje sa korisnicima/zajednicama koje sudjeluju u programima planiranja i upravljanja vodnim resursima, prema razini učešća (3 = visoko; 2 = umjereno; 1 = nisko; 0 = NA)",1,1
ER_WAT_PRDU,"Countries with procedures in law or policy for participation by service users/communities in planning program in water resources planning and management, by level of definition in procedures (10 = Clearly defined; 5 = Not clearly defined ; 0 = NA)","Zemlje sa zakonskim procedurama ili politikama za učešće korisnika usluga/zajednica u programu planiranja u planiranju i upravljanju vodnim resursima, prema nivou definicije u postupcima (10 = Jasno definisano; 5 = Nije jasno definisano; 0 = NA)",ER_WAT_PRDU,"Zemlje sa zakonskim procedurama ili politikama za učešće korisnika usluga/zajednica u programu planiranja u planiranju i upravljanju vodnim resursima, prema razini definicije u postupcima (10 = Jasno definirano; 5 = Nije jasno definirano; 0 = NA)",1,1
FB_ATM_TOTL,"Number of automated teller machines (ATMs) per 100,000 adults",Broj automatizovanih bankomata (ATM) na 100.000 odraslih stanovnika,FB_ATM_TOTL,Broj automatiziranih bankomata (ATM) na 100.000 odraslih stanovnika,1,1
FB_BNK_ACCSS,Proportion of adults (15 years and older) with an account at a financial institution or mobile-money-service provider,Udio odraslih (15 i više godina) koji imaju račun u banci ili drugoj finansijskoj instituciji ili kod provajdera mobilnih novčanih usluga,FB_BNK_ACCSS,Udio odraslih (15 i više godina) koji imaju račun u banci ili drugoj financijskoj instituciji ili kod providera mobilnih novčanih usluga,3,1
FB_CBK_BRCH,"Number of commercial bank branches per 100,000 adults",Broj filijala komercijalnih banaka na 100 000 odraslih,FB_CBK_BRCH,Broj filijala komercijalnih banaka na 100 000 odraslih,1,1
FC_ACC_SSID,Proportion of small-scale industries with a loan or line of credit,Udio malih industrija sa kreditom ili kreditnom linijom,FC_ACC_SSID,Udio malih industrija sa kreditom ili kreditnom linijom,1,1
FI_FSI_FSANL,Non-performing loans to total gross loans (%),Krediti u ukupnim bruto kreditima koji se ne izvode (%),FI_FSI_FSANL,Krediti u ukupnim bruto kreditima koji se ne izvode (%),1,1
FI_FSI_FSERA,Return on assets (%),Povrat imovine (%),FI_FSI_FSERA,Povrat imovine (%),1,1
FI_FSI_FSKA,Regulatory capital to assets (%),Regulatorni kapital za imovinu (%),FI_FSI_FSKA,Regulatorni kapital za imovinu (%),1,1
FI_FSI_FSKNL,Non-performing loans net of provisions to capital (%),Neto krediti određeni za kapital koji se ne izvode (%),FI_FSI_FSKNL,Neto krediti određeni za kapital koji se ne izvode (%),1,1
FI_FSI_FSKRTC,Regulatory Tier 1 capital to risk-weighted assets (%),Regulatorni 1 nivo kapitala za imovinu ponderiranu rizikom (%),FI_FSI_FSKRTC,Regulatorni 1 razina kapitala za imovinu ponderiranu rizikom (%),1,1
FI_FSI_FSLS,Liquid assets to short term liabilities (%),Likvidna imovina na kratkoročnim obavezama (%),FI_FSI_FSLS,Likvidna imovina na kratkoročnim obvezama (%),1,1
FI_FSI_FSSNO,Net open position in foreign exchange to capital (%),Neto otvorena pozicija u devizama do kapitala (%),FI_FSI_FSSNO,Neto otvorena pozicija u devizama do kapitala (%),1,1
GB_POP_SCIERD,Researchers (in full-time equivalent) per million inhabitants,Istraživači (u ekvivalentu punog radnog vremena) na milion stanovnika,GB_POP_SCIERD,Istraživači (u ekvivalentu punog radnog vremena) na milijun stanovnika,1,1
GB_XPD_RSDV,Research and development expenditure as a proportion of GDP,Rashodi za istraživanje i razvoj kao udio u BDP-u,GB_XPD_RSDV,Rashodi za istraživanje i razvoj kao udio u BDP-u,1,1
GC_GOB_TAXD,Proportion of domestic budget funded by domestic taxes,Udio domaćeg budžeta koji se finansira iz domaćih poreza,GC_GOB_TAXD,Udio domaćeg proračuna koji se financira iz domaćih poreza,1,1
GF_FRN_FDI,Foreign direct investment (FDI) inflows,Prilivi stranih direktnih investicija (SDI),GF_FRN_FDI,Prilivi stranih izravnih investicija (SDI),1,1
GF_XPD_GBPC,Primary government expenditures as a proportion of original approved budget,Primarni državni rashodi kao udio u prvobitno odobrenom budžetu,GF_XPD_GBPC,Primarni državni rashodi kao udio u prvobitno odobrenom proračunu,1,1
GR_G14_GDP,Total government revenue as a proportion of GDP,Ukupni prihodi države kao udio u BDP-u,GR_G14_GDP,Ukupni prihodi države kao udio u BDP-u,1,1
GR_G14_XDC,"Total government revenue, in local currency","Ukupni državni prihodi, u lokalnoj valuti",GR_G14_XDC,"Ukupni državni prihodi, u lokalnoj valuti",1,1
IC_FRM_BRIB,Bribery incidence (% of firms experiencing at least one bribe payment request),Učestalost podmićivanja (% firmi koje imaju barem jedan zahtjev za plaćanje mita),IC_FRM_BRIB,Učestalost podmićivanja (% firmi koje imaju barem jedan zahtjev za plaćanje mita),1,1
IC_GEN_MGTL,Proportion of women in managerial positions,Udio žena na rukovodećim pozicijama,IC_GEN_MGTL,Udio žena na rukovodećim pozicijama,1,1
IC_GEN_MGTN,Proportion of women in senior and middle management positions,Udio žena na višim i srednjim rukovodećim pozicijama,IC_GEN_MGTN,Udio žena na višim i srednjim rukovodećim pozicijama,1,1
IS_RDP_FRGVOL,Freight volume (tonne kilometres),Obim tereta (tonski kilometri),IS_RDP_FRGVOL,Obujam tereta (tonski kilometri),4,1
IS_RDP_PFVOL,Passenger volume (passenger kilometres),Obim putnika (putnički kilometri),IS_RDP_PFVOL,Obujam putnika (putnički kilometri),3,1
IT_MOB_2GNTWK,Proportion of population covered by at least a 2G mobile network,Udio stanovništva pokriven najmanje 2G mobilnom mrežom,IT_MOB_2GNTWK,Udio stanovništva pokriven najmanje 2G mobilnom mrežom,1,1
IT_MOB_3GNTWK,Proportion of population covered by at least a 3G mobile network,Udio stanovništva pokriven najmanje 3G mobilnom mrežom,IT_MOB_3GNTWK,Udio stanovništva pokriven najmanje 3G mobilnom mrežom,1,1
IT_MOB_4GNTWK,Proportion of population covered by at least a 4G mobile network,Udio stanovništva pokriven najmanje 4G mobilnom mrežom,IT_MOB_4GNTWK,Udio stanovništva pokriven najmanje 4G mobilnom mrežom,1,1
IT_NET_BBND,Fixed broadband subscriptions per 100 inhabitants,Broj pretplatnika fiksnog širokopojasnog pristupa internetu na 100 stanovnika,IT_NET_BBND,Broj pretplatnika fiksnog širokopojasnog pristupa internetu na 100 stanovnika,4,1
IT_NET_BBNDN,Fixed broadband subscriptions (number),Broj pretplatnika fiksnog širokopojasnog pristupa internetu (broj),IT_NET_BBNDN,Broj pretplatnika fiksnog širokopojasnog pristupa internetu (broj),4,1
IT_USE_II99,Internet users per 100 inhabitants,Korisnici interneta na 100 stanovnika,IT_USE_II99,Korisnici interneta na 100 stanovnika,1,1
IU_COR_BRIB,Prevalence rate of bribery,Stopa rasprostranjenosti mita,IU_COR_BRIB,Stopa rasprostranjenosti mita,3,1
NV_IND_MANF,Manufacturing value added as a proportion of GDP,Dodana vrijednost u proizvodnji kao udio u BDP-u,NV_IND_MANF,Dodana vrijednost u proizvodnji kao udio u BDP-u,1,1
NV_IND_MANF_CD,Manufacturing value added (current United States dollars) as a proportion of GDP (%),Dodana vrijednost u proizvodnji (tekući američki dolari) kao udio u BDP-u (%),NV_IND_MANF_CD,Dodana vrijednost u proizvodnji (tekući američki dolari) kao udio u BDP-u (%),1,1
NV_IND_MANFPC,Manufacturing value added per capita,Dodana vrijednost proizvodnje po glavi stanovnika,NV_IND_MANFPC,Dodana vrijednost proizvodnje po glavi stanovnika,1,1
NV_IND_SSIS,Proportion of small-scale industries in total industry value added,Udio malih industrija u ukupnoj dodanoj vrijednosti industrije,NV_IND_SSIS,Udio malih industrija u ukupnoj dodanoj vrijednosti industrije,1,1
NV_IND_TECH,Proportion of medium and high-tech industry value added in total value added,Udio dodate vrijednosti srednje i visokotehnološke industrije u odnosu na ukupnu dodatnu vrijednost,NV_IND_TECH,Udio dodate vrijednosti srednje i visokotehnološke industrije u odnosu na ukupnu dodatnu vrijednost,1,1
NY_GDP_PCAP,Annual growth rate of real GDP per capita,Godišnja stopa rasta realnog BDP-a po stanovniku,NY_GDP_PCAP,Godišnja stopa rasta realnog BDP-a po stanovniku,1,1
SD_CPA_UPRDP,"Countries that have national urban policies or regional development plans that respond to population dynamics; ensure balanced territorial development; and increase local fiscal space (1 = YES; 0 = NO) 
SD_CPA_UPRDP",Broj zemalja koje imaju nacionalne urbane politike ili planove regionalnog razvoja koji (a) odgovaraju na dinamiku stanovništva; (b) osiguravaju uravnotežen teritorijalni razvoj; i (c) povećava lokalni fiskalni prostor (1 = DA; 0 = NE),SD_CPA_UPRDP,Broj zemalja koje imaju nacionalne urbane politike ili planove regionalnog razvitka koji (a) odgovaraju na dinamiku stanovništva; (b) osiguravaju uravnotežen teritorijalni razvoj; i (c) povećava lokalni fiskalni prostor (1 = DA; 0 = NE),1,1
SE_ADT_ACTS,Proportion of youth and adults with information and communications technology (ICT) skills,Udio mladih i odraslih sa vještinama u informacionim i komunikacionim tehnologijama (IKT),SE_ADT_ACTS,Udio mladih i odraslih sa vještinama u informacijskim i komunikacijskim tehnologijama (IKT),24,1
SE_ADT_EDUCTRN,Participation rate in formal and non-formal education and training,Stopa učešća mladih i odraslih u formalnom i neformalnom obrazovanju i obuci,SE_ADT_EDUCTRN,Stopa učešća mladih i odraslih u formalnom i neformalnom obrazovanju i obuci,3,1
SE_AGP_CPRA,"Adjusted gender parity index for completion rate, by sex, location, wealth quintile and education level","Prilagođeni indeks rodnog pariteta za stopu završetka, prema spolu, lokaciji, kvintilu bogatstva i nivou obrazovanja",SE_AGP_CPRA,"Prilagođeni indeks rodnog pariteta za stopu završetka, prema spolu, lokaciji, kvintilu bogatstva i razini obrazovanja",53,1
SE_ALP_CPLR,"Adjusted location parity index for completion rate, by sex, location, wealth quintile and education level","Prilagođeni indeks pariteta lokacije za stopu završetka, prema spolu, lokaciji, kvintilu bogatstva i nivou obrazovanja",SE_ALP_CPLR,"Prilagođeni indeks pariteta lokacije za stopu završetka, prema spolu, lokaciji, kvintilu bogatstva i razini obrazovanja",44,1
SE_ALP_CPLRRO,SE_ALP_CPLRRO,SE_ALP_CPLRRO,SE_ALP_CPLRRO,SE_ALP_CPLRRO,15,1
SE_AWP_CPRA,"Adjusted wealth parity index for completion rate, by sex, location, wealth quintile and education level","Prilagođeni indeks pariteta bogatstva za stopu završetka, prema spolu, lokaciji, kvintilu bogatstva i nivou obrazovanja",SE_AWP_CPRA,"Prilagođeni indeks pariteta bogatstva za stopu završetka, prema spolu, lokaciji, kvintilu bogatstva i razini obrazovanja",27,1
SE_DEV_ONTRK,"Proportion of children who are developmentally on track in at least three of the following domains; literacy-numeracy, physical development, social-emotional development, and learning","Udio djece koja su razvojno na pravom putu u najmanje tri od sljedećih domena: pismenost-računanje, fizički razvoj, socijalno-emocionalni razvoj i učenje",SE_DEV_ONTRK,"Udio djece koja su razvojno na pravom putu u najmanje tri od sljedećih domena: pismenost-računanje, fizički razvoj, socijalno-emocionalni razvoj i učenje",3,1
SE_GCEDESD_NEP,Extent to which global citizenship education and education for sustainable development are mainstreamed in national education policies,Mjera do koje su obrazovanje o globalnom građanstvu i obrazovanje o održivom razvoju integrirani u nacionalne obrazovne politike,SE_GCEDESD_NEP,Mjera do koje su obrazovanje o globalnom građanstvu i obrazovanje o održivom razvoju integrirani u nacionalne obrazovne politike,1,1
SE_GCEDESD_SAS,Extent to which global citizenship education and education for sustainable development are mainstreamed in student assessment,Mjera do koje su obrazovanje o globalnom građanstvu i obrazovanje o održivom razvoju integrirani u ocjenjivanje učenika,SE_GCEDESD_SAS,SE_GCEDESD_SAS,1,1
SE_GPI_ICTS,"Gender parity index for youth/adults with information and communications technology (ICT) skills, by type of skill (ratio)",Indeks rodnog pariteta za mladih/odraslih sa vještinama informaciono-komunikacione tehnologije (IKT) prema vrsti vještine (omjer),SE_GPI_ICTS,Indeks rodnog pariteta za mladih/odraslih sa vještinama informaciono-komunikacione tehnologije (IKT) prema vrsti vještine (omjer),14,1
SE_GPI_PART,Adjusted gender parity index for participation rate in formal and non-formal education and training (ratio),Prilagođeni indeks rodnog pariteta za stopu učešća u formalnom i neformalnom obrazovanju i obuci (omjer),SE_GPI_PART,Prilagođeni indeks rodnog pariteta za stopu učešća u formalnom i neformalnom obrazovanju i obuci (omjer),1,1
SE_GPI_PTNPRE,"Adjusted gender parity index for participation rate in organized learning (one year before the official primary entry age), (ratio)","Prilagođeni indeks rodnog pariteta za stopu učešća u organizovanom učenju (godinu dana prije zvaničnog osnovnog uzrasta), (omjer)",SE_GPI_PTNPRE,"Prilagođeni indeks rodnog pariteta za stopu učešća u organizovanom učenju (godinu dana prije zvaničnog osnovnog uzrasta), (omjer)",1,1
SE_LGP_ACHI,Language test parity index for achievement,Prilagođeni test jezika indeksa pariteta za postizanje minimalnog nivoa stručnosti u čitanju i računanju (omjer),SE_LGP_ACHI,Prilagođeni test jezika indeksa pariteta za postizanje minimalnog nivoa stručnosti u čitanju i računanju (omjer),2,1
SE_NAP_ACHI,Adjusted immigration status parity index for achieving a minimum proficiency level in reading and mathematics (ratio),Prilagođeni imigracioni status ndeks pariteta za postizanje minimalnog nivoa čitanja i računanja (omjer),SE_NAP_ACHI,Prilagođeni imigracioni status ndeks pariteta za postizanje minimalnog stepena čitanja i računanja (omjer),2,1
SE_PRE_PARTN,"Participation rate in organized learning (one year before the official primary entry age), by sex (%)","Stopa učešća u organiziranom učenju (godinu dana prije službenog osnovnog uzrasta), prema spolu (%)",SE_PRE_PARTN,"Stopa učešća u organiziranom učenju (godinu dana prije službenog osnovnog uzrasta), prema spolu (%)",3,1
SE_TOT_CPLR,"Completion rate, by sex, location, wealth quintile and education level (%)","Stopa završetka studija prema spolu, lokaciji, kvintilu bogatstva i nivou obrazovanja (%)",SE_TOT_CPLR,"Stopa završetka studija prema spolu, lokaciji, kvintilu bogatstva i razini obrazovanja (%)",162,1
SE_TOT_GPI,Adjusted gender parity index for achieving a minimum proficiency level in reading and mathematics (ratio),Prilagođeni indeks rodnog pariteta za postizanje minimalnog nivoa čitanja i matematike (omjer),SE_TOT_GPI,Prilagođeni indeks rodnog pariteta za postizanje minimalnog stepena čitanja i matematike (omjer),1,1
SE_TOT_PRFL,Proportion of children and young people achieving a minimum proficiency level in reading and mathematics,Udio djece i mladih  koja postižu najmanje minimalan nivo dostignuća u čitanju i  matematici,SE_TOT_PRFL,Udio djece i mladih koja postižu najmanju minimalnu razinu dostignuća u čitanju i  matematici,7,1
SE_TOT_RUPI,Adjusted rural to urban parity index for achieving a minimum proficiency level in reading and mathematics (ratio),Prilagođen indeks pariteta ruralnog i urbanog za postizanje minimalnog nivoa čitanja i računanja (omjer),SE_TOT_RUPI,Prilagođen indeks pariteta ruralnog i urbanog za postizanje minimalnog stepena čitanja i računanja (omjer),2,1
SE_TOT_SESPI,Adjusted low to high socio-economic parity index for achieving a minimum proficiency level in reading and mathematics (ratio),Prilagođeni indeks socijalno-ekonomskog pariteta od niskog do visokog za postizanje minimalnog nivoa čitanja i računanja (omjer),SE_TOT_SESPI,Prilagođeni indeks socijalno-ekonomskog pariteta od niskog do visokog za postizanje minimalnog nivoa čitanja i računanja (omjer),2,1
SG_DMK_PARLCC_LC,"Number of chairs of permanent committees, by age, sex and focus of the committee, Lower Chamber or Unicameral","Broj predsjedavajućih stalnih odbora, prema starosti i spolu, u donjem domu ili jednodomnom parlamentu",SG_DMK_PARLCC_LC,"Broj predsjedatelja stalnih odbora, prema starosti i spolu, u donjem domu ili jednodomnom parlamentu",5,1
SG_DMK_PARLCC_UC,"Number of chairs of permanent committees, by age, sex and focus of the committee, Upper Chamber","Broj predsjedavajućih stalnih odbora, prema starosti i spolu, gornji dom",SG_DMK_PARLCC_UC,"Broj predsjedatelja stalnih odbora, prema starosti i spolu, gornji dom",5,1
SG_DMK_PARLMP_LC,"Ratio for female members of parliaments (Ratio of the proportion of women in parliament in the proportion of women in the national population with the age of eligibility as a lower bound boundary), Lower Chamber or Unicameral","Odnos ženskih članove parlamenata (Odnos udjela žena u parlamentu u udjelu žena u nacionalnom stanovništvu sa starosnom podobnošću kao donja granica), u donjem domu ili jednodomnom parlamentu",SG_DMK_PARLMP_LC,"Odnos ženskih članove parlamenata (Odnos udjela žena u parlamentu u udjelu žena u nacionalnom stanovništvu sa starosnom podobnošću kao donja granica), u donjem domu ili jednodomnom parlamentu",1,1
SG_DMK_PARLMP_UC,"Ratio for female members of parliaments (Ratio of the proportion of women in parliament in the proportion of women in the national population with the age of eligibility as a lower bound boundary), Upper Chamber","Odnos za ženske članove parlamenata (Odnos udjela žena u parlamentu u udjelu žena u nacionalnom stanovništvu sa starosnom podobnošću kao donja granica), u gornjem domu",SG_DMK_PARLMP_UC,"Odnos za ženske članove parlamenata (Odnos udjela žena u parlamentu u udjelu žena u nacionalnom stanovništvu sa starosnom podobnošću kao donja granica), u gornjem domu",1,1
SG_DMK_PARLSP_LC,"Number of speakers in parliament, by age and sex, Lower Chamber or Unicameral","Broj govornika u parlamentu, prema starosti i spolu, u donjem domu ili jednodomnom parlamentu",SG_DMK_PARLSP_LC,"Broj govornika u parlamentu, prema starosti i spolu, u donjem domu ili jednodomnom parlamentu",2,1
SG_DMK_PARLSP_UC,"Number of speakers in parliament, by age and sex, Upper Chamber","Broj govornika u parlamentu, prema starosti i spolu, u gornjem domu",SG_DMK_PARLSP_UC,"Broj govornika u parlamentu, prema starosti i spolu, u gornjem domu",1,1
SG_DSR_LGRGSR,Score of adoption and implementation of national DRR strategies in line with the Sendai Framework,Ocjena usvajanja i provedbe nacionalnih strategija za smanjenje rizika od katastrofa u skladu sa Sendai okvirom,SG_DSR_LGRGSR,Ocjena usvajanja i provedbe nacionalnih strategija za smanjenje rizika od katastrofa sukladno sa Sendai okvirom,1,1
SG_DSR_SILN,Number of local governments that adopt and implement local DRR strategies in line with national strategies,Broj lokalnih samouprava koje usvajaju i provode lokalne strategije smanjenja rizika od katastrofa u skladu s nacionalnim strategijama,SG_DSR_SILN,Broj lokalnih samouprava koje usvajaju i provode lokalne strategije smanjenja rizika od katastrofa sukladno nacionalnim strategijama,3,3
SG_DSR_SILS,Proportion of local governments that adopt and implement local disaster risk reduction strategies in line with national disaster risk reduction strategies,Udio lokalnih samouprava koje usvajaju i provode lokalne strategije smanjenja rizika od katastrofa u skladu s nacionalnim strategijama smanjenja rizika od katastrofa,SG_DSR_SILS,Udio lokalnih samouprava koje usvajaju i provode lokalne strategije smanjenja rizika od katastrofa sukladno nacionalnim strategijama smanjenja rizika od katastrofa,3,3
SG_GEN_EQPWN,Proportion of countries with systems to track and make public allocations for gender equality and women's empowerment,Udio zemalja sa sistemima praćenja i raspodjelom javnih rashoda za rodnu ravnopravnost i osnaživanje žena,SG_GEN_EQPWN,Udio zemalja sa sustavima praćenja i raspodjelom javnih rashoda za rodnu ravnopravnost i osnaživanje žena,1,1
SG_GEN_LOCGELS,Proportion of elected seats held by women in deliberative bodies of local government,Udio biračkih mjesta koje imaju žene u savjetodavnim tijelima lokalne uprave,SG_GEN_LOCGELS,Udio biračkih mjesta koje imaju žene u savjetodavnim tijelima lokalne uprave,1,1
SG_GEN_PARL,Proportion of seats held by women in national parliaments (% of total number of seats),Udio mjesta koje imaju žene u nacionalnim parlamentima (% od ukupnog broja mjesta),SG_GEN_PARL,Udio mjesta koje imaju žene u nacionalnim parlamentima (% od ukupnog broja mjesta),1,1
SG_GEN_PARLN,Current number of seats in national parliaments (number),Broj mjesta koje imaju žene u nacionalnim parlamentima,SG_GEN_PARLN,Broj mjesta koje imaju žene u nacionalnim parlamentima,1,1
SG_GEN_PARLNT,Number of seats in national parliaments,Trenutni broj mjesta u nacionalnim parlamentima (broj),SG_GEN_PARLNT,Trenutni broj mjesta u nacionalnim parlamentima (broj),1,1
SG_GOV_LOGV,Number of local governments,Broj lokalnih samouprava,SG_GOV_LOGV,Broj lokalnih samouprava,3,3
SG_HAZ_CMRBASEL,Compliance with the Basel Convention on hazardous waste and other chemicals,Usklađenost sa Bazelskom konvencijom o opasnom otpadu i drugim hemikalijama,SG_HAZ_CMRBASEL,Usklađenost sa Bazelskom konvencijom o opasnom otpadu i drugim kemikalijama,1,1
SG_HAZ_CMRMNTRL,Compliance with the Montreal Protocol on hazardous waste and other chemicals,Usklađenost s Montrealskim protokolom o opasnom otpadu i drugim hemikalijama,SG_HAZ_CMRMNTRL,Usklađenost s Montrealskim protokolom o opasnom otpadu i drugim kemikalijama,1,1
SG_HAZ_CMRROTDAM,Compliance with the Rotterdam Convention on hazardous waste and other chemicals,Usklađenost sa Roterdamskom konvencijom o opasnom otpadu i drugim hemikalijama,SG_HAZ_CMRROTDAM,Usklađenost sa Roterdamskom konvencijom o opasnom otpadu i drugim kemikalijama,1,1
SG_HAZ_CMRSTHOLM,Compliance with the Stockholm Convention on hazardous waste and other chemicals,Usklađenost sa Štokholmskom konvencijom o opasnom otpadu i drugim hemikalijama,SG_HAZ_CMRSTHOLM,Usklađenost sa Štokholmskom konvencijom o opasnom otpadu i drugim kemikalijama,1,1
SG_INF_ACCSS,"Countries that adopt and implement constitutional, statutory and/or policy guarantees for public access to information","Broj zemalja koje usvajaju i provode ustavne, zakonske i/ili političke garancije za pristup informacijama od javnog značaja",SG_INF_ACCSS,"Broj zemalja koje usvajaju i provode ustavne, zakonske i/ili političke garancije za pristup informacijama od javnog značaja",1,1
SG_INT_MBRDEV,"Proportion of members of developing countries in international organizations, by organization","Udio članova zemalja u razvoju u međunarodnim organizacijama, prema organizaciji",SG_INT_MBRDEV,"Udio članova zemalja u razvoju u međunarodnim organizacijama, prema organizaciji",12,2
SG_INT_VRTDEV,"Proportion of voting rights of developing countries in international organizations, by organization","Udio prava glasa zemalja u razvoju u međunarodnim organizacijama, prema organizaciji",SG_INT_VRTDEV,"Udio prava glasa zemalja u razvoju u međunarodnim organizacijama, prema organizaciji",12,2
SG_LGL_LNDFEMOD,Degree to which the legal framework (including customary law) guarantees women’s equal rights to land ownership and/or control (1=No evidence to 6=Highest levels of guarantees),Stepen do kojeg zakonski okvir (uključujući običajno pravo) garantira jednaka prava žena na vlasništvo nad zemljom i /ili kontrolu (1 = Nema dokaza do 6 = Najviši nivo garancija),SG_LGL_LNDFEMOD,Stupanj do kojeg zakonski okvir (uključujući običajno pravo) garantira jednaka prava žena na vlasništvo nad zemljom i /ili kontrolu (1 = Nema dokaza do 6 = Najviši nivo garancija),1,1
SG_NHR_IMPLN,"Countries with National Human Rights Institutions in compliance with the Paris Principles, A status (1 = YES; 0 = NO)","Zemlje s nacionalnim institucijama za ljudska prava u skladu s Pariškim principima, A status (1 = DA; 0 = NE)",SG_NHR_IMPLN,"Zemlje s nacionalnim institucijama za ljudska prava sukladno Pariškim principima, A status (1 = DA; 0 = NE)",1,1
SG_NHR_NOAPPLN,"Countries with no application for accreditation with the Paris Principles, D status  (1 = YES; 0 = NO)","Zemlje s nacionalnim institucijama za ljudska prava u skladu s Pariškim principima, D status (1 = DA; 0 = NE)",SG_NHR_NOAPPLN,"Zemlje s nacionalnim institucijama za ljudska prava sukladno Pariškim principima, D status (1 = DA; 0 = NE)",1,1
SG_PLN_RECNDI,Proportion of new development interventions drawn from country-led result frameworks - data by recipient (%),Udio novih razvojnih intervencija izvučenih iz okvira rezultata koje vode zemlje - podaci prema primaocu,SG_PLN_RECNDI,Udio novih razvojnih intervencija izvučenih iz okvira rezultata koje vode zemlje - podaci prema primatelju,1,1
SG_PLN_RECRICTRY,Proportion of results indicators drawn from country-led results frameworks - data by recipient (%),Udio indikatora rezultata izvučenih iz okvira rezultata koje vode zemlje - podaci prema primaocu (%),SG_PLN_RECRICTRY,Udio pokazatelja rezultata izvučenih iz okvira rezultata koje vode zemlje - podaci prema primatelju (%),1,1
SG_PLN_RECRIMON,Proportion of results indicators which will be monitored using government sources and monitoring systems - data by recipient (%),Udio indikatora rezultata koji će se pratiti pomoću državnih izvora i sistema praćenja - podaci po primaocu (%),SG_PLN_RECRIMON,Udio pokazatelja rezultata koji će se pratiti pomoću državnih izvora i sustava praćenja - podaci po primatelju (%),1,1
SG_PLN_REPOLRES,Extent of use of country-owned results frameworks and planning tools by providers of development cooperation - data by recipient (%),Opseg upotrebe državnih okvira rezultata i alata za planiranje od strane pružalaca razvojne saradnje - podaci prema primaocu (%),SG_PLN_REPOLRES,Opseg uporabe državnih okvira rezultata i alata za planiranje od strane pružatelja razvojne suradnje - podaci prema primatelju (%),1,1
SG_REG_BRTH,Proportion of children under 5 years of age whose births have been registered with a civil authority,Udio djece mlađe od 5 godina čije je rođenje upisano u matične knjige kod nadležnog organa,SG_REG_BRTH,Udio djece mlađe od 5 godina čije je rođenje upisano u matične knjige kod nadležnog tijela,1,1
SG_REG_BRTH90N,Countries with birth registration data that are at least 90 percent complete (1 = YES; 0 = NO),Zemlja sa matičnim knjigama rođenih koje su popunjene najmanje 90 posto (1 = DA; 0 = NE),SG_REG_BRTH90N,Zemlja sa matičnim knjigama rođenih koje su popunjene najmanje 90 posto (1 = DA; 0 = NE),1,1
SG_REG_CENSUSN,Countries that have conducted at least one population and housing census in the last 10 years (1 = YES; 0 = NO),Zemlje koje su provele najmanje jedan popis stanovništva i domaćinstava u posljednjih 10 godina (1 = DA; 0 = NE),SG_REG_CENSUSN,Zemlje koje su provele najmanje jedan popis stanovništva i kućanstava u posljednjih 10 godina (1 = DA; 0 = NE),1,1
SG_REG_DETH75N,Countries with death registration data that are at least 75 percent complete (1 = YES; 0 = NO),Zemlje sa knjigom umrlih koje su popunjene najmanje 75 posto (1 = DA; 0 = NE),SG_REG_DETH75N,Zemlje sa knjigom umrlih koje su popunjene najmanje 75 posto (1 = DA; 0 = NE),1,1
SG_STT_CAPTY,Dollar value of all resources made available to strengthen statistical capacity in developing countries,Vrijednost u dolarima svih resursa dostupnih za jačanje statističkih kapaciteta u zemljama u razvoju,SG_STT_CAPTY,Vrijednost u dolarima svih resursa dostupnih za jačanje statističkih kapaciteta u zemljama u razvitku,1,1
SG_STT_FPOS,Countries with national statistical legislation exists that complies with the Fundamental Principles of Official Statistics (1 = YES; 0 = NO),Zemlje sa nacionalnim statističkim zakonodavstvom koje je u skladu sa Osnovnim principima zvanične statistike (1 = DA; 0 = NE),SG_STT_FPOS,Zemlje sa nacionalnim statističkim zakonodavstvom koje je sukladno Osnovnim principima zvanične statistike (1 = DA; 0 = NE),1,1
SG_STT_NSDSFDDNR,Countries with national statistical plans with funding from donors (1 = YES; 0 = NO),Zemlje s nacionalnim statističkim planovima koje finansiraju donatori (1 = DA; 0 = NE),SG_STT_NSDSFDDNR,Zemlje s nacionalnim statističkim planovima koje financiraju donatori (1 = DA; 0 = NE),1,1
SG_STT_NSDSFDGVT,Countries with national statistical plans with funding from Government (1 = YES; 0 = NO),Zemlje s nacionalnim statističkim planovima koje finansira država (1 = DA; 0 = NE),SG_STT_NSDSFDGVT,Zemlje s nacionalnim statističkim planovima koje financira država (1 = DA; 0 = NE),1,1
SG_STT_NSDSFND,Countries with national statistical plans that are fully funded (1 = YES; 0 = NO),Zemlje s nacionalnim statističkim planovima koji su u potpunosti finansirani (1= DA; 0 = NE),SG_STT_NSDSFND,Zemlje s nacionalnim statističkim planovima koji su u potpunosti financirani (1= DA; 0 = NE),1,1
SG_STT_NSDSIMPL,Countries with national statistical plans that are under implementation (1 = YES; 0 = NO),Zemlje s nacionalnim statističkim planovima koji su u provedbi (1 = DA; 0 = NE),SG_STT_NSDSIMPL,Zemlje s nacionalnim statističkim planovima koji su u provedbi (1 = DA; 0 = NE),1,1
SH_AAP_ASMORT,Age-standardized mortality rate attributed to ambient air pollution,Stopa mortaliteta koja se pripisuje zagađenju okolnog zraka,SH_AAP_ASMORT,Stopa mortaliteta koja se pripisuje zagađenju okolnog zraka,1,1
SH_AAP_MORT,Crude death rate attributed to ambient air pollution,Stopa sirovog mortaliteta koja se pripisuje zagađenju okolnog zraka,SH_AAP_MORT,Stopa sirovog mortaliteta koja se pripisuje zagađenju okolnog zraka,1,1
SH_ACS_DTP3,Proportion of the target population with access to 3 doses of diphtheria-tetanus-pertussis (DTP3),"Udio ciljane populacije sa pristupom 3 doze vakcine protiv difterije, tetanusa i velikog kašlja (DTP3)",SH_ACS_DTP3,"Udio ciljane populacije sa pristupom 3 doze vakcine protiv difterije, tetanusa i velikog kašlja (DTP3)",1,1
SH_ACS_MCV2,Proportion of the target population with access to measles-containing-vaccine second-dose (MCV2),Udio ciljane populacije sa pristupom drugoj dozi vakcine protiv malih boginja (MCV2),SH_ACS_MCV2,Udio ciljane populacije sa pristupom drugoj dozi vakcine protiv malih boginja (MCV2),1,1
SH_ACS_PCV3,Proportion of the target population with access to pneumococcal conjugate 3rd dose (PCV3) (%),Udio ciljne populacije sa pristupom 3. dozi pneumokoknog konjugata (PCV3) (%),SH_ACS_PCV3,Udio ciljne populacije sa pristupom 3. dozi pneumokoknog konjugata (PCV3) (%),1,1
SH_ACS_UNHC,Universal health coverage (UHC) service coverage index,Indeks pokrivenosti uslugama univerzalne zdravstvene zaštite,SH_ACS_UNHC,Indeks pokrivenosti uslugama univerzalne zdravstvene skrbi,1,1
SH_ALC_CONSPT,Alcohol consumption per capita (aged 15 years and older) within a calendar year,Potrošnja alkohola po stanovniku (starosti od 15 godina i više) u kalendarskoj godini,SH_ALC_CONSPT,Potrošnja alkohola po stanovniku (starosti od 15 godina i više) u kalendarskoj godini,3,1
SH_BLD_ECOLI,"Percentage of bloodstream infection due to Escherichia coli resistant to 3rd-generation cephalosporin (e.g., ESBL- E. coli) among patients seeking care and whose blood sample is taken and tested",Udio infekcije krvotoka zbog Escherichia coli rezistentne na cefalosporin 3. generacije (npr. ESBL-E) među pacijentima koji traže pomoć i kojima se uzet uzorak krvi  i koji je testiran,SH_BLD_ECOLI,Udio infekcije krvotoka zbog Escherichia coli rezistentne na cefalosporin 3. generacije (npr. ESBL-E) među pacijentima koji traže pomoć i kojima se uzet uzorak krvi i koji je testiran,1,1
SH_BLD_MRSA,Percentage of bloodstream infection due to methicillin-resistant Staphylococcus aureus (MRSA) among patients seeking care and whose blood sample is taken and tested,Udio infekcije krvotoka zbog Staphylococcus aureusa rezistentnog na meticilin (MRSA) među pacijentima koji traže pomoć i kojima je uzet uzorak krvi koji je testiran,SH_BLD_MRSA,Udio infekcije krvotoka zbog Staphylococcus aureusa rezistentnog na meticilin (MRSA) među pacijentima koji traže pomoć i kojima je uzet uzorak krvi koji je testiran,1,1
SH_DTH_NCD,"Number of deaths attributed to non-communicable diseases, by type of disease and sex (number)","Broj umrlih uzrokovan nezaraznim bolestima, prema vrsti bolesti i splu (broj)",SH_DTH_NCD,SH_DTH_NCD,12,1
SH_DTH_NCOM,"Mortality rate attributed to cardiovascular disease, cancer, diabetes or chronic respiratory disease","Stopa smrtnosti uzrokovana kardiovaskularnim bolestima, rakom, dijabetesom",SH_DTH_NCOM,"Stopa smrtnosti uzrokovana kardiovaskularnim bolestima, rakom, dijabetesom ili kroničnom respiratornom bolešću",3,1
SH_DYN_IMRT,Infant mortality rate,Stopa smrtnosti dojenčadi,SH_DYN_IMRT,Stopa smrtnosti dojenčadi,3,1
SH_DYN_IMRTN,Infant deaths (number),Umrla dojenčad (broj),SH_DYN_IMRTN,Umrla dojenčad (broj),3,1
SH_DYN_MORT,Under-five mortality rate,Stopa smrtnosti ispod pet godina,SH_DYN_MORT,Stopa smrtnosti ispod pet godina,3,1
SH_DYN_MORTN,Under-five deaths (number),Smrtnost ispod pet ogdina (broj),SH_DYN_MORTN,Smrtnost ispod pet ogdina (broj),3,1
SH_DYN_NMRT,Neonatal mortality rate,Stopa neonatalnog mortaliteta,SH_DYN_NMRT,Stopa neonatalnog mortaliteta,1,1
SH_DYN_NMRTN,Neonatal deaths (number),Neonatalni mortalitet (broj),SH_DYN_NMRTN,Neonatalni mortalitet (broj),1,1
SH_FPL_MTMM,Proportion of women married or in a union of reproductive age (aged 15-49 years) who have their need for family planning satisfied with modern methods,Udio žena reproduktivnog uzrasta (starosti od 15 do 49 godina) koje su svoju potrebu za planiranje porodice zadovoljile sa modernim metodama,SH_FPL_MTMM,Udio žena reproduktivnog uzrasta (starosti od 15 do 49 godina) koje su svoju potrebu za planiranje obitelji zadovoljile sa modernim metodama,1,1
SH_H2O_SAFE,Proportion of population using safely managed drinking water services,Udio stanovništva koji koristi usluge bezbjednog upravljanja pitkom vodom,SH_H2O_SAFE,Udio stanovništva koji koristi usluge sigurnog upravljanja pitkom vodom,1,1
SH_HAP_ASMORT,Age-standardized mortality rate attributed to household air pollution,Stopa smrtnosti koja se pripisuje zagađenjem zraka domaćinstava,SH_HAP_ASMORT,Stopa smrtnosti koja se pripisuje zagađenjem zraka kućanstava,1,1
SH_HAP_HBSAG,Prevalence of hepatitis B surface antigen (HBsAg),Rasprostranjenost površinskog antigena hepatitisa B (HBsAg),SH_HAP_HBSAG,Rasprostranjenost površinskog antigena hepatitisa B (HBsAg),1,1
SH_HAP_MORT,Crude death rate attributed to household air pollution,Sirova stopa smrtnosti koja se pripisuje zagađenjem zraka domaćinstava,SH_HAP_MORT,Sirova stopa smrtnosti koja se pripisuje zagađenjem zraka kućanstava,1,1
SH_HIV_INCD,"Number of new HIV infections per 1,000 uninfected population",Broj novih HIV infekcija na 1 000 neinficiranih stanovnika,SH_HIV_INCD,Broj novih HIV infekcija na 1 000 neinficiranih stanovnika,9,1
SH_IHR_CAPS,"International Health Regulations (IHR) capacity, by type of IHR capacity",Kapaciteti za Međunarodne zdravstvene propise (IHR) i pripravnost za hitne medicinske usluge,SH_IHR_CAPS,Kapaciteti za Međunarodne zdravstvene propise (IHR) i pripravnost za hitne medicinske usluge,26,1
SH_MED_DEN,"Health worker density, by type of occupation (per 10,000 population)",Gustina zdravstvenih radnika prema vrsti zanimanja (na 10.000 stanovnika),SH_MED_DEN,Gustina zdravstvenih radnika prema vrsti zanimanja (na 10.000 stanovnika),4,1
SH_MED_HWRKDIS,"Health worker distribution, by sex and type of occupation","Gustina i distribucija zdravstvenih radnika, prema spolu i vrsti zanimanja",SH_MED_HWRKDIS,"Gustina i distribucija zdravstvenih radnika, prema spolu i vrsti zanimanja",4,1
SH_PRV_SMOK,Age-standardized prevalence of current tobacco use among persons aged 15 years and older,Starosna standardizirana rasprostranjenost trenutne upotrebe duhana među osobama starosti 15 godina i više,SH_PRV_SMOK,Starosna standardizirana rasprostranjenost trenutne uporabe duhana među osobama starosti 15 godina i više,3,1
SH_SAN_DEFECT,Proportion of population practicing open defecation,Udio stanovništva koje prakticira otvorenu defekaciju,SH_SAN_DEFECT,Udio stanovništva koje prakticira otvorenu defekaciju,3,1
SH_SAN_HNDWSH,Proportion of population with basic handwashing facilities on premises,Udio stanovništva sa osnovnim uređajima za pranje ruku u prostorijama,SH_SAN_HNDWSH,Udio stanovništva sa osnovnim uređajima za pranje ruku u prostorijama,3,1
SH_SAN_SAFE,Proportion of population using safely managed sanitation services,Udio stanovništva koji koristi sanitarne usluge kojima se sigurno upravlja,SH_SAN_SAFE,Udio stanovništva koji koristi sanitarne usluge kojima se sigurno upravlja,2,1
SH_STA_AIRP,Crude death rate attributed to household and ambient air pollution,Stopa smrtnosti koja se pripisuje zagađenju domaćinstva i okolnog zraka,SH_STA_AIRP,Stopa smrtnosti koja se pripisuje zagađenju kućanstva i okolnog zraka,1,1
SH_STA_ANEM,Proportion of women aged 15-49 years with anaemia (%),Udio žena u dobi od 15-49 godina s anemijom (%),SH_STA_ANEM,Udio žena starosti od 15-49 godina s anemijom (%),1,1
SH_STA_ANEM_NPRG,"Proportion of women aged 15-49 years with anaemia, non-pregnant (%)","Udio žena u dobi od 15-49 godina s anemijom, koje nisu trudne (%)",SH_STA_ANEM_NPRG,"Udio žena starosti od 15-49 godina s anemijom, koje nisu trudne (%)",1,1
SH_STA_ANEM_PREG,"Proportion of women aged 15-49 years with anaemia, pregnant (%)","Udio žena u dobi od 15-49 godina s anemijom, trudnica (%)",SH_STA_ANEM_PREG,"Udio žena u dobi od 15-49 godina s anemijom, trudnica (%)",1,1
SH_STA_ASAIRP,Age-standardized mortality rate attributed to household and ambient air pollution,Starosno standardizirana stopa smrtnosti koja se pripisuje zagađenju domaćinstva i okolnog zraka (umrli na 100 000 stanovnika),SH_STA_ASAIRP,Starosno standardizirana stopa smrtnosti koja se pripisuje zagađenju kućanstva i okolnog zraka (umrli na 100 000 stanovnika),1,1
SH_STA_BRTC,Proportion of births attended by skilled health personnel,Udio poroda uz prisustvo kvalifikovanih zdravstvenih radnika,SH_STA_BRTC,Udio poroda uz prisustvo kvalificiranog zdravstvenih radnika,1,1
SH_STA_MORT,Maternal mortality ratio,Stopa smrtnosti majki,SH_STA_MORT,Stopa smrtnosti majki,1,1
SH_STA_POISN,Mortality rate attributed to unintentional poisonings,Stopa smrtnosti uzrokovana nenamjernim trovanjem,SH_STA_POISN,Stopa smrtnosti uzrokovana nenamjernim trovanjem,3,1
SH_STA_SCIDE,Suicide mortality rate,Stopa samoubistvima,SH_STA_SCIDE,Stopa samoubojstvima,3,1
SH_STA_SCIDEN,Number of deaths attributed to suicide,Broj smrtnih slučajeva samoubistvom,SH_STA_SCIDEN,Broj smrtnih slučajeva samoubojstvom,3,1
SH_STA_STNT,Proportion of children moderately or severely stunted,Udio djece umjereno ili ozbiljno zaostale u razvoju,SH_STA_STNT,Udio djece umjereno ili ozbiljno zaostale u razvitku,1,1
SH_STA_STNTN,Children moderately or severely stunted (number),Djeca umjereno ili teško zaostala u razvoju (broj),SH_STA_STNTN,Djeca umjereno ili teško zaostala u razvitku (broj),1,1
SH_STA_TRAF,"Death rate due to road traffic injuries, by sex (per 100,000 population)","Stopa smrtnosti zbog povreda u cestovnom saobraćaju, prema spolu (na 100.000 stanovnika)",SH_STA_TRAF,"Stopa smrtnosti zbog povreda u cestovnom saobraćaju, prema spolu (na 100.000 stanovnika)",3,1
SH_STA_WASH,"Mortality rate attributed to unsafe water, unsafe sanitation and lack of hygiene","Stopa smrtnosti koja se pripisuje nebezbjednoj vodi, nebezbjednoj sanitaciji i nedostatku higijene",SH_STA_WASH,"Stopa smrtnosti koja se pripisuje nesigurnoj vodi, nesigurnoj sanitaciji i nedostatku higijene",1,1
SH_STA_WAST,Proportion of children moderately or severely wasted,Udio djece koja su umjereno ili ozbiljno iscrpljena,SH_STA_WAST,Udio djece koja su umjereno ili ozbiljno iscrpljena,1,1
SH_SUD_ALCOL,"Alcohol use disorders, 12-month prevalence (%)","Poremećaji upotrebe alkohola, rasprostranjenost u 12 mjeseci (%)",SH_SUD_ALCOL,"Poremećaji uporabe alkohola, rasprostranjenost u 12 mjeseci (%)",3,1
SH_TBS_INCID,"Tuberculosis incidence (per 100,000 population)",Učestalost tuberkuloze (na 100.000 stanovnika),SH_TBS_INCID,Učestalost tuberkuloze (na 100.000 stanovnika),1,1
SH_TRP_INTVN,Number of people requiring interventions against neglected tropical diseases,Broj ljudi kojima su potrebne intervencije protiv zanemarenih tropskih bolesti,SH_TRP_INTVN,Broj ljudi kojima su potrebne intervencije protiv zanemarenih tropskih bolesti,1,1
SH_XPD_EARN10,Proportion of population with large household expenditures on health (greater than 10%) as a share of total household expenditure or income,Udio stanovništva s velikim troškovima za zdravstvo po domaćinstvu kao udio u ukupnim rashodima ili prihodima domaćinstva,SH_XPD_EARN10,Udio stanovništva s velikim troškovima za zdravstvo po kućanstvu kao udio u ukupnim rashodima ili prihodima kućanstva,1,1
SH_XPD_EARN25,Proportion of population with large household expenditures on health (greater than 25%) as a share of total household expenditure or income,Udio stanovništva s velikim troškovima za zdravstvo (većim od 25%) po domaćinstvu kao udio u ukupnim rashodima ili prihodima domaćinstva,SH_XPD_EARN25,Udio stanovništva s velikim troškovima za zdravstvo (većim od 25%) po kućanstvu kao udio u ukupnim rashodima ili prihodima kućanstva,1,1
SI_COV_BENFTS,"Proportion of population covered by at least one social protection benefit, by sex (%)","Udio stanovništva obuhvaćenog najmanje jednom naknadom socijalne zaštite, prema spolu (%)",SI_COV_BENFTS,"Udio stanovništva obuhvaćenog najmanje jednom naknadom socijalne zaštite, prema spolu (%)",1,1
SI_COV_DISAB,"Proportion of population with severe disabilities receiving disability cash benefit, by sex (%)","Udio stanovništva s teškim invaliditetom koje prima novčanu naknadu za invalidnost, prema spolu (%)",SI_COV_DISAB,"Udio stanovništva s teškim invaliditetom koje prima novčanu naknadu za invalidnost, prema spolu (%)",3,1
SI_COV_LMKT,Proportion of population covered by labour market programs,Udio stanovništva obuhvaćenog programima tržišta rada,SI_COV_LMKT,Udio stanovništva obuhvaćenog programima tržišta rada,1,1
SI_COV_MATNL,Proportion of mothers with newborns receiving maternity cash benefit (%),Udio majki s novorođenčadi koje primaju novčanu naknadu za materinstvo (%),SI_COV_MATNL,Udio majki s novorođenčadi koje primaju novčanu naknadu za materinstvo (%),1,1
SI_COV_PENSN,Proportion of population above statutory pensionable age receiving a pension,Udio stanovništva iznad zakonske starosne granice za penziju koji primaju penziju,SI_COV_PENSN,Udio stanovništva iznad zakonske dobne granice za mirovinu koji primaju mirovinu,3,1
SI_COV_SOCAST,Proportion of population covered by social assistance programs,Udio stanovništva obuhvaćenog programima socijalne pomoći,SI_COV_SOCAST,Udio stanovništva obuhvaćenog programima socijalne skrbi,1,1
SI_COV_SOCINS,Proportion of population covered by social insurance programs,Udio stanovništva obuhvaćenog programima socijalnog osiguranja,SI_COV_SOCINS,Udio stanovništva obuhvaćenog programima socijalnog osiguranja,1,1
SI_COV_UEMP,Proportion of unemployed persons receiving unemployment cash benefit,Udio nezaposlenih koji primaju novčanu naknadu za nezaposlene,SI_COV_UEMP,Udio nezaposlenih koji primaju novčanu naknadu za nezaposlene,1,1
SI_POV_50MI,Proportion of people living below 50 percent of median income,Udio ljudi koji žive ispod 50 posto srednje vrijednosti prihoda,SI_POV_50MI,Udio ljudi koji žive ispod 50 posto srednje vrijednosti prihoda,1,1
SI_POV_DAY1,Proportion of population below international poverty line,Udio stanovništva koje živi ispod međunarodne linije siromaštva,SI_POV_DAY1,Udio stanovništva koje živi ispod međunarodne linije siromaštva,1,1
SI_POV_EMP1,Employed population below international poverty line,Zaposleno stanovništvo ispod međunarodne linije siromaštva,SI_POV_EMP1,Zaposleno stanovništvo ispod međunarodne linije siromaštva,9,1
SI_POV_NAHC,Proportion of population living below the national poverty line,Udio stanovništva koje živi ispod nacionalne granice siromaštva,SI_POV_NAHC,Udio stanovništva koje živi ispod nacionalne granice siromaštva,1,1
SI_RMT_COST,Remittance costs as a proportion of the amount remitted,Troškovi doznaka kao proporcija doznačenog iznosa,SI_RMT_COST,Troškovi doznaka kao proporcija doznačenog iznosa,1,1
SL_CPA_YEMP,"Existence of a developed and operationalized national strategy for youth employment, as a distinct strategy or as part of a national employment strategy","Postojanje razvijene i operacionalizovane nacionalne strategije za zapošljavanje mladih, kao posebne strategije ili kao dio nacionalne strategije zapošljavanja",SL_CPA_YEMP,"Postojanje razvijene i operacionalizirane nacionalne strategije za zapošljavanje mladih, kao posebne strategije ili kao dio nacionalne strategije zapošljavanja",2,2
SL_EMP_AEARN,Average hourly earnings of employees by sex and occupation (local currency),Prosječna zarada po satu zaposlenih prema spolu i zanimanju (nacionalna valuta),SL_EMP_AEARN,Prosječna zarada po satu zaposlenih prema spolu i zanimanju (nacionalna valuta),31,1
SL_EMP_GTOTL,Labour share of GDP,Udio radne snage u BDP-u,SL_EMP_GTOTL,Udio radne snage u BDP-u,1,1
SL_EMP_PCAP,Annual growth rate of real GDP per employed person,Godišnja stopa rasta realnog BDP-a po zaposlenoj osobi,SL_EMP_PCAP,Godišnja stopa rasta realnog BDP-a po zaposlenoj osobi,1,1
SL_ISV_IFEM,"Proportion of informal employment, by sector and sex (ILO harmonized estimates)","Udio neformalne zaposlenosti u ukupnoj zaposlenosti, prema sektorima i spolu (Usklađene procjene ILO-a)",SL_ISV_IFEM,"Udio neformalne zaposlenosti u ukupnoj zaposlenosti, prema sektorima i spolu (Usklađene procjene ILO-a)",9,1
SL_LBR_NTLCPL,Level of national compliance with labour rights (freedom of association and collective bargaining) based on International Labour Organization (ILO) textual sources and national legislation,Nivo nacionalne usklađenosti radnih prava (sloboda udruživanja i kolektivnog pregovaranja) na osnovu tekstualnih izvora Međunarodne organizacije rada (ILO) i nacionalnog zakonodavstva,SL_LBR_NTLCPL,Razina nacionalne usklađenosti radnih prava (sloboda udruživanja i kolektivnog pregovaranja) na temelju tekstualnih izvora Međunarodne organizacije rada (ILO) i nacionalnog zakonodavstva,1,1
SL_TLF_MANF,Manufacturing employment as a proportion of total employment,Zaposlenost u  prerađivačkoj industriji  kao udio ukupne zaposlenosti,SL_TLF_MANF,Zaposlenost u  prerađivačkoj industriji  kao udio ukupne zaposlenosti,1,1
SL_TLF_NEET,"Proportion of youth not in education, employment or training","Udio mladih koji nisu u obuhvaćeni obrazovanjem, zaposlenošću, ili obukom",SL_TLF_NEET,"Udio mladih koji nisu u obuhvaćeni obrazovanjem, zaposlenošću, ili obukom",3,1
SL_TLF_UEM,Unemployment rate,Stopa nezaposlenosti,SL_TLF_UEM,Stopa nezaposlenosti,9,1
SM_DTH_MIGR,Total deaths and disappearances recorded during migration,Ukupni smrtni slučajevi i nestanci zabilježeni tokom migracije,SM_DTH_MIGR,Ukupni smrtni slučajevi i nestanci zabilježeni tijekom migracije,1,1
SM_POP_REFG_OR,"Proportion of the population who are refugees, by country of origin","Udio stanovništva izbjeglica, prema zemlji porijekla",SM_POP_REFG_OR,"Udio stanovništva izbjeglica, prema zemlji podrijetla",1,1
SN_ITK_DEFC,Prevalence of undernourishment,Rasprostranjenost pothranjenosti,SN_ITK_DEFC,Rasprostranjenost pothranjenosti,1,1
SN_ITK_DEFCN,Number of undernourish people,Broj pothranjenih ljudi,SN_ITK_DEFCN,Broj pothranjenih ljudi,1,1
SN_STA_OVWGT,Proportion of children moderately or severely overweight,Udio djece sa umjerenom ili ozbiljnom prekomjernom tjelesnom težinom,SN_STA_OVWGT,Udio djece sa umjerenom ili ozbiljnom prekomjernom tjelesnom težinom,1,1
SN_STA_OVWGTN,Children moderately or severely overweight (number),Djeca sa umjerenom ili ozbiljnom prekomjernom tjelesnom težinom (broj),SN_STA_OVWGTN,Djeca sa umjerenom ili ozbiljnom prekomjernom tjelesnom težinom (broj),1,1
SP_ACS_BSRVH2O,Proportion of population using basic drinking water services,Udio stanovništva koji koristi osnovne usluge pitke vode,SP_ACS_BSRVH2O,Udio stanovništva koji koristi osnovne usluge pitke vode,3,1
SP_ACS_BSRVSAN,Proportion of population using basic sanitation services,Udio stanovništva koji koristi osnovne sanitarne usluge,SP_ACS_BSRVSAN,Udio stanovništva koji koristi osnovne sanitarne usluge,3,1
SP_DYN_ADKL,"Adolescent birth rate (per 1,000 women aged 15-19 years)",Stopa nataliteta adolescenata (na 1 000 žena starih 15-19 godina),SP_DYN_ADKL,Stopa nataliteta adolescenata (na 1 000 žena starih 15-19 godina),1,1
SP_DYN_MRBF15,Proportion of women aged 20-24 years who were married or in a union before age 15,Udio žena starosti 20-24 godine koje su bile u braku ili u vanbračnoj zajednici prije 15. godine,SP_DYN_MRBF15,Udio žena starosti 20-24 godine koje su bile u braku ili u izvanbračnoj zajednici prije 15. godine,1,1
SP_DYN_MRBF18,Proportion of women aged 20-24 years who were married or in a union before age 18,Udio žena starosti 20-24 godine koje su bile u braku ili u vanbračnoj zajednici prije 18. godine,SP_DYN_MRBF18,Udio žena starosti 20-24 godine koje su bile u braku ili u izvanbračnoj zajednici prije 18. godine,1,1
ST_EEV_ACCSEEA,Implementation of standard accounting tools to monitor the economic and environmental aspects of tourism (SEEA tables),Primjena standardnih računovodstvenih alata za praćenje ekonomskih i okolišnih aspekata turizma (SEEA tablice),ST_EEV_ACCSEEA,Primjena standardnih računovodstvenih alata za praćenje ekonomskih i okolišnih aspekata turizma (SEEA tablice),1,1
ST_EEV_ACCTSA,Implementation of standard accounting tools to monitor the economic and environmental aspects of tourism (Tourism Satellite Account tables),Primjena standardnih računovodstvenih alata za praćenje ekonomskih i okolišnih aspekata turizma (tabele satelitskih računa turizma),ST_EEV_ACCTSA,Primjena standardnih računovodstvenih alata za praćenje ekonomskih i okolišnih aspekata turizma (tablice satelitskih računa turizma),1,1
ST_EEV_STDACCT,Implementation of standard accounting tools to monitor the economic and environmental aspects of tourism (Total number of tables),Primena standardnih računovodstvenih alata za praćenje ekonomskih i ekoloških aspekata turizma (broj tabela),ST_EEV_STDACCT,Primena standardnih računovodstvenih alata za praćenje ekonomskih i ekoloških aspekata turizma (broj tablica),1,1
TM_TAX_WMFN,"Worldwide weighted tariff-average, most-favoured-nation status","Svjetski ponderirani carinski prosjek, status najpovlaštenije države",TM_TAX_WMFN,"Svjetski ponderirani carinski prosjek, status najpovlaštenije države",7,1
TM_TAX_WMPS,"Worldwide weighted tariff-average, preferential status","Svetski ponderirani carinski prosjek, preferencijalni status",TM_TAX_WMPS,"Svetski ponderirani carinski prosjek, preferencijalni status",7,1
TM_TRF_ZERO,Proportion of tariff lines applied to imports with zero-tariff,Proporcija carinskih linija na uvoz sa nultom tarifom,TM_TRF_ZERO,Proporcija carinskih linija na uvoz sa nultom tarifom,7,1
VC_DSR_OBDN,Number of disruptions to other basic services attributed to disasters,Broj smetnji u radu ostalih osnovnih usluga uzrokovan katastrofama,VC_DSR_OBDN,Broj smetnji u radu ostalih osnovnih usluga uzrokovan katastrofama,1,1
VC_HTF_DETV,Detected victims of human trafficking (number),Detektovane žrtve trgovine ljudima (broj),VC_HTF_DETV,Detektovane žrtve trgovine ljudima (broj),1,1
VC_HTF_DETVFL,"Detected victims of human trafficking for forced labour, servitude and slavery (number)","Detektovane žrtve trgovine ljudima za prisilni rad, služnost i ropstvo (broj)",VC_HTF_DETVFL,"Detektovane žrtve trgovine ljudima za prisilni rad, služnost i ropstvo (broj)",6,1
VC_HTF_DETVOG,Detected victims of human trafficking for removal of organ (number),Detektovane žrtve trgovine ljudima za uklanjanje organa (broj),VC_HTF_DETVOG,Detektovane žrtve trgovine ljudima za uklanjanje organa (broj),6,1
VC_HTF_DETVOP,Detected victims of human trafficking for other purposes (number),Detektovane žrtve trgovine ljudima za druge svrhe (broj),VC_HTF_DETVOP,Detektovane žrtve trgovine ljudima za druge svrhe (broj),7,1
VC_HTF_DETVSX,Detected victims of human trafficking for sexual exploitaton (number),Detektovane žrtve trgovine ljudima za  seksualno iskorištavanje (broj),VC_HTF_DETVSX,Detektovane žrtve trgovine ljudima za  seksualno iskorištavanje (broj),6,1
VC_IHR_PSRC,"Number of victims of intentional homicide per 100,000 population",Broj žrtava ubistava s namjerom na 100 000 stanovnika,VC_IHR_PSRC,Broj žrtava ubojstava s namjerom na 100 000 stanovnika,2,1
VC_IHR_PSRCN,Number of victims of intentional homicide,Broj žrtava ubistava s predomišljajem,VC_IHR_PSRCN,Broj žrtava ubojstava s predomišljajem,2,1
VC_PRS_UNSNT,Unsentenced detainees as a proportion of overall prison population,Neosuđeni pritvorenici kao udio u ukupnoj zatvorskoj populaciji,VC_PRS_UNSNT,Neosuđeni pritvorenici kao udio u ukupnoj zatvorskoj populaciji,1,1
VC_VAW_MARR,"Proportion of ever-partnered women and girls subjected to physical and/or sexual violence by a current or former intimate partner in the previous 12 months, by age (%)","Udio žena i djevojaka koje su bile podvrgnuto fizičkom i/ili seksualnom nasilju od strane trenutnog ili bivšeg intimnog partnera u prethodnih 12 mjeseci, prema dobi (%)",VC_VAW_MARR,"Udio žena i djevojaka koje su bile podvrgnuto fizičkom i/ili seksualnom nasilju od strane trenutnog ili bivšeg intimnog partnera u prethodnih 12 mjeseci, prema dobi (%)",2,1
VC_VAW_PHYPYV,Proportion of children aged 1-14 years who experienced physical punishment and/or psychological aggression by caregivers in last month,"Udio djece starosti 1 - 14 godina koja su tokom proteklog mjeseca doživjela bilo kakvo fizičko kažnjavanje i/ili psihološku agresiju od strane njegovatelja, u proteklih mjesec dana",VC_VAW_PHYPYV,"Udio djece starosti 1 - 14 godina koja su tijekom proteklog mjeseca doživjela bilo kakvo fizičko kažnjavanje i/ili psihološku agresiju od strane skrbnika, u proteklih mjesec dana",1,1
